,EGFR,Hypoxia,JAK.STAT,MAPK,NFkB,PI3K,TGFb,TNFa,Trail,VEGF,p53
Arginase-1,582.0,46.0,568.0,885.0,552.0,393.0,733.0,167.0,248.0,514.0,331.0
Leucine-rich repeat serine/threonine-protein kinase 2,813.0,58.0,597.0,481.0,223.0,493.0,393.0,49.0,912.0,930.0,325.0
Tyrosyl-DNA phosphodiesterase 1,495.0,137.0,756.0,776.0,406.0,281.0,480.0,187.0,710.0,827.0,323.0
Transitional endoplasmic reticulum ATPase,595.0,859.0,155.0,435.0,933.0,614.0,663.0,75.0,272.0,830.0,133.0
Glucokinase regulatory protein,296.0,917.0,142.0,570.0,912.0,990.0,20.0,163.0,931.0,172.0,793.0
Pyruvate kinase isozymes M1/M2,868.0,54.0,640.0,637.0,89.0,36.0,917.0,232.0,835.0,613.0,334.0
Transient receptor potential cation channel subfamily M member 8,332.0,316.0,430.0,521.0,947.0,623.0,514.0,139.0,38.0,751.0,112.0
G-protein coupled receptor 55,516.0,327.0,613.0,333.0,147.0,141.0,765.0,955.0,449.0,809.0,643.0
Endoplasmin,408.0,750.0,330.0,313.0,150.0,561.0,692.0,757.0,423.0,229.0,464.0
Serine/threonine-protein kinase/endoribonuclease IRE1,480.0,22.0,892.0,115.0,98.0,44.0,881.0,959.0,134.0,988.0,651.0
Bromodomain-containing protein 4,701.0,879.0,350.0,729.0,993.0,568.0,89.0,1.0,644.0,439.0,211.0
NADPH oxidase 4,333.0,800.0,724.0,129.0,10.0,743.0,157.0,988.0,803.0,435.0,958.0
Ketohexokinase,644.0,225.0,355.0,759.0,676.0,292.0,907.0,72.0,560.0,522.0,49.0
Lethal(3)malignant brain tumor-like protein 1,539.0,883.0,724.0,439.0,360.0,256.0,745.0,870.0,160.0,80.0,713.0
Lethal(3)malignant brain tumor-like protein 3,518.0,885.0,251.0,641.0,793.0,945.0,73.0,359.0,824.0,69.0,642.0
Microtubule-associated protein tau,487.0,9.0,457.0,766.0,728.0,146.0,821.0,80.0,460.0,966.0,271.0
15-hydroxyprostaglandin dehydrogenase [NAD+],321.0,923.0,892.0,261.0,162.0,312.0,770.0,969.0,369.0,403.0,834.0
G-protein coupled receptor 35,394.0,720.0,118.0,873.0,434.0,977.0,28.0,71.0,982.0,29.0,700.0
Bromodomain-containing protein 2,298.0,127.0,332.0,182.0,918.0,558.0,501.0,510.0,150.0,976.0,252.0
ATP-sensitive inward rectifier potassium channel 1,875.0,975.0,826.0,120.0,280.0,669.0,807.0,989.0,10.0,185.0,291.0
Neuropeptides B/W receptor type 1,397.0,37.0,440.0,530.0,598.0,87.0,847.0,173.0,379.0,678.0,280.0
Menin,816.0,888.0,388.0,796.0,396.0,561.0,270.0,409.0,448.0,418.0,431.0
Nuclear receptor ROR-gamma,485.0,430.0,480.0,220.0,369.0,191.0,526.0,221.0,757.0,891.0,560.0
Enteropeptidase,654.0,108.0,823.0,706.0,89.0,619.0,215.0,728.0,946.0,931.0,702.0
Endothelial PAS domain-containing protein 1,506.0,759.0,881.0,173.0,307.0,18.0,959.0,971.0,10.0,338.0,593.0
Nicotinamide phosphoribosyltransferase,616.0,598.0,508.0,540.0,906.0,288.0,719.0,29.0,332.0,40.0,354.0
Replication protein A 70 kDa DNA-binding subunit,387.0,345.0,124.0,560.0,622.0,944.0,64.0,313.0,939.0,330.0,691.0
DNA topoisomerase I,318.0,534.0,232.0,495.0,700.0,460.0,677.0,768.0,140.0,876.0,288.0
Farnesyl diphosphate synthase,189.0,868.0,337.0,91.0,812.0,337.0,750.0,870.0,61.0,796.0,227.0
Glucagon-like peptide 1 receptor,597.0,112.0,790.0,733.0,170.0,373.0,826.0,906.0,219.0,746.0,668.0
Endothelin receptor ET-B,449.0,120.0,306.0,667.0,874.0,886.0,374.0,204.0,701.0,629.0,471.0
Steroid 5-alpha-reductase 1,534.0,694.0,173.0,272.0,741.0,583.0,346.0,173.0,554.0,556.0,141.0
Vasopressin V2 receptor,537.0,889.0,447.0,662.0,149.0,443.0,316.0,300.0,718.0,53.0,493.0
Somatostatin receptor 5,652.0,377.0,491.0,594.0,390.0,834.0,118.0,94.0,903.0,572.0,442.0
"Histone-lysine N-methyltransferase, H3 lysine-79 specific",609.0,107.0,748.0,769.0,80.0,119.0,939.0,934.0,320.0,598.0,576.0
Transmembrane protease serine 6,227.0,382.0,640.0,342.0,285.0,302.0,657.0,846.0,539.0,240.0,875.0
Bromodomain-containing protein 3,525.0,899.0,164.0,343.0,977.0,971.0,89.0,236.0,379.0,727.0,102.0
Cysteinyl leukotriene receptor 1,665.0,443.0,602.0,174.0,758.0,28.0,754.0,260.0,233.0,773.0,728.0
Corticotropin releasing factor receptor 1,477.0,660.0,936.0,548.0,49.0,605.0,628.0,964.0,717.0,425.0,878.0
Plasminogen,539.0,626.0,131.0,883.0,489.0,938.0,103.0,135.0,937.0,378.0,318.0
Leukocyte adhesion glycoprotein LFA-1 alpha,562.0,259.0,288.0,548.0,655.0,601.0,512.0,209.0,264.0,813.0,146.0
Somatostatin receptor 2,640.0,106.0,736.0,755.0,690.0,135.0,760.0,155.0,347.0,789.0,434.0
DNA topoisomerase II alpha,687.0,299.0,864.0,909.0,925.0,8.0,931.0,325.0,48.0,558.0,190.0
Angiotensin-converting enzyme,778.0,959.0,451.0,316.0,719.0,213.0,769.0,487.0,142.0,205.0,242.0
Prostanoid EP1 receptor,337.0,391.0,126.0,460.0,281.0,980.0,33.0,464.0,941.0,769.0,479.0
Muscarinic acetylcholine receptor M4,245.0,988.0,461.0,378.0,815.0,882.0,269.0,899.0,117.0,14.0,839.0
Inosine-5'-monophosphate dehydrogenase 1,473.0,61.0,451.0,745.0,127.0,696.0,798.0,130.0,906.0,233.0,437.0
Receptor protein-tyrosine kinase erbB-2,606.0,682.0,319.0,390.0,884.0,844.0,118.0,277.0,350.0,452.0,236.0
TNF-alpha,64.0,683.0,266.0,223.0,487.0,901.0,259.0,851.0,807.0,114.0,777.0
Phosphodiesterase 5A,571.0,150.0,334.0,849.0,471.0,322.0,245.0,219.0,607.0,906.0,363.0
Histone deacetylase 3,673.0,202.0,570.0,687.0,616.0,18.0,817.0,538.0,624.0,819.0,815.0
Serotonin 2b (5-HT2b) receptor,873.0,662.0,813.0,271.0,154.0,233.0,820.0,371.0,470.0,513.0,215.0
Thromboxane-A synthase,235.0,657.0,585.0,116.0,194.0,447.0,644.0,953.0,490.0,599.0,722.0
Prostanoid EP4 receptor,255.0,877.0,517.0,341.0,390.0,869.0,96.0,801.0,775.0,11.0,603.0
Tyrosine-protein kinase FYN,674.0,292.0,561.0,358.0,422.0,693.0,322.0,692.0,442.0,487.0,867.0
Macrophage colony stimulating factor  receptor,618.0,821.0,980.0,561.0,100.0,10.0,976.0,927.0,159.0,437.0,941.0
Dopamine D5 receptor,539.0,100.0,275.0,828.0,593.0,817.0,468.0,109.0,803.0,764.0,208.0
Somatostatin receptor 4,324.0,939.0,297.0,273.0,611.0,673.0,395.0,817.0,62.0,343.0,431.0
Gonadotropin-releasing hormone receptor,226.0,145.0,480.0,334.0,713.0,719.0,362.0,579.0,132.0,680.0,344.0
Steroid 5-alpha-reductase 2,96.0,2.0,592.0,925.0,358.0,744.0,450.0,129.0,888.0,878.0,833.0
Voltage-gated T-type calcium channel alpha-1H subunit,797.0,853.0,861.0,374.0,877.0,93.0,538.0,283.0,463.0,577.0,257.0
Thyroid hormone receptor alpha,562.0,121.0,428.0,809.0,216.0,731.0,664.0,236.0,968.0,138.0,702.0
4-hydroxyphenylpyruvate dioxygenase,454.0,537.0,58.0,466.0,408.0,784.0,380.0,225.0,886.0,595.0,226.0
Tyrosine-protein kinase ABL,469.0,980.0,182.0,292.0,713.0,825.0,109.0,518.0,491.0,331.0,551.0
Histone deacetylase 6,604.0,486.0,880.0,878.0,151.0,252.0,258.0,507.0,371.0,70.0,843.0
Alpha-2a adrenergic receptor,704.0,379.0,489.0,319.0,417.0,110.0,911.0,716.0,88.0,793.0,173.0
Vascular endothelial growth factor receptor 1,781.0,331.0,585.0,378.0,917.0,829.0,364.0,199.0,500.0,457.0,473.0
Androgen Receptor,529.0,668.0,830.0,384.0,481.0,247.0,628.0,771.0,92.0,902.0,413.0
Tissue-type plasminogen activator,348.0,883.0,604.0,636.0,451.0,677.0,325.0,610.0,790.0,242.0,901.0
Serotonin 4 (5-HT4) receptor,673.0,333.0,526.0,148.0,151.0,482.0,313.0,820.0,836.0,864.0,601.0
Calcium sensing receptor,464.0,185.0,22.0,624.0,939.0,559.0,422.0,27.0,523.0,579.0,40.0
Prostanoid EP2 receptor,638.0,700.0,432.0,412.0,326.0,588.0,775.0,664.0,166.0,469.0,210.0
Neuronal acetylcholine receptor protein alpha-4 subunit,131.0,642.0,902.0,544.0,382.0,182.0,597.0,954.0,324.0,122.0,951.0
"Potassium channel, inwardly rectifying, subfamily J, member 11",385.0,414.0,309.0,858.0,619.0,691.0,391.0,95.0,895.0,582.0,422.0
Vasopressin V1a receptor,743.0,758.0,535.0,346.0,694.0,420.0,674.0,538.0,163.0,860.0,154.0
Glutamate carboxypeptidase II,425.0,530.0,544.0,408.0,654.0,438.0,660.0,507.0,353.0,367.0,491.0
Serotonin 1b (5-HT1b) receptor,705.0,858.0,566.0,242.0,249.0,663.0,472.0,796.0,431.0,42.0,424.0
Serotonin 3a (5-HT3a) receptor,467.0,304.0,330.0,534.0,824.0,729.0,409.0,206.0,565.0,960.0,302.0
Aldose reductase,361.0,575.0,272.0,861.0,732.0,940.0,48.0,296.0,847.0,46.0,418.0
Cholecystokinin A receptor,205.0,356.0,643.0,49.0,80.0,117.0,928.0,809.0,770.0,860.0,721.0
FK506-binding protein 1A,744.0,17.0,769.0,886.0,275.0,660.0,295.0,187.0,782.0,535.0,910.0
GABA transporter 1,586.0,352.0,730.0,658.0,176.0,21.0,819.0,655.0,423.0,722.0,643.0
Glutamate [NMDA] receptor subunit epsilon 2,707.0,518.0,702.0,480.0,675.0,154.0,783.0,551.0,56.0,525.0,334.0
Serine/threonine-protein kinase RAF,283.0,238.0,238.0,851.0,372.0,987.0,68.0,398.0,915.0,680.0,432.0
Aminopeptidase N,121.0,602.0,249.0,355.0,505.0,636.0,486.0,824.0,277.0,107.0,439.0
Cytochrome P450 11B1,396.0,831.0,114.0,600.0,988.0,940.0,116.0,68.0,473.0,271.0,121.0
Mitogen-activated protein kinase kinase kinase 12,211.0,265.0,820.0,580.0,113.0,859.0,236.0,824.0,751.0,656.0,884.0
Platelet-derived growth factor receptor beta,466.0,323.0,566.0,652.0,195.0,244.0,551.0,563.0,687.0,376.0,651.0
Butyrylcholinesterase,647.0,398.0,434.0,233.0,830.0,215.0,892.0,276.0,204.0,849.0,129.0
Alpha-2c adrenergic receptor,784.0,557.0,548.0,209.0,839.0,31.0,943.0,406.0,57.0,755.0,207.0
Somatostatin receptor 1,343.0,306.0,352.0,785.0,79.0,835.0,198.0,251.0,954.0,644.0,837.0
Voltage-gated calcium channel alpha2/delta subunit 1,663.0,623.0,284.0,572.0,541.0,515.0,339.0,309.0,413.0,653.0,201.0
Vasopressin V1b receptor,719.0,637.0,692.0,401.0,138.0,709.0,128.0,901.0,652.0,422.0,791.0
Protoporphyrinogen oxidase,694.0,383.0,638.0,442.0,219.0,264.0,764.0,707.0,651.0,394.0,533.0
Xanthine dehydrogenase,246.0,610.0,401.0,848.0,928.0,514.0,362.0,115.0,608.0,435.0,501.0
Aldehyde dehydrogenase,272.0,379.0,407.0,234.0,434.0,678.0,385.0,697.0,722.0,272.0,256.0
Stem cell growth factor receptor,817.0,330.0,305.0,871.0,797.0,225.0,668.0,22.0,534.0,493.0,206.0
Histone deacetylase 2,143.0,936.0,161.0,50.0,764.0,981.0,60.0,917.0,605.0,820.0,786.0
Lysine-specific demethylase 2A,416.0,414.0,815.0,497.0,25.0,272.0,805.0,929.0,714.0,524.0,800.0
Histamine H2 receptor,559.0,222.0,502.0,815.0,812.0,917.0,164.0,61.0,598.0,554.0,522.0
Alpha-2b adrenergic receptor,405.0,394.0,177.0,582.0,281.0,707.0,440.0,202.0,727.0,495.0,528.0
Neprilysin,576.0,717.0,888.0,828.0,584.0,663.0,316.0,328.0,367.0,17.0,927.0
Melatonin receptor 1A,607.0,480.0,536.0,95.0,640.0,105.0,918.0,742.0,191.0,918.0,83.0
Melatonin receptor 1B,851.0,234.0,242.0,539.0,981.0,140.0,793.0,108.0,55.0,982.0,65.0
Thyroid hormone receptor beta-1,191.0,242.0,749.0,766.0,425.0,115.0,921.0,882.0,110.0,624.0,748.0
Cyclophilin A,573.0,595.0,699.0,487.0,31.0,96.0,758.0,789.0,697.0,764.0,337.0
Monoamine oxidase A,133.0,378.0,639.0,276.0,614.0,948.0,131.0,629.0,689.0,154.0,745.0
Thymidylate synthase,530.0,735.0,396.0,326.0,470.0,594.0,55.0,427.0,798.0,159.0,938.0
Vascular endothelial growth factor receptor 3,581.0,818.0,669.0,620.0,587.0,926.0,187.0,586.0,826.0,53.0,499.0
Insulin-like growth factor I receptor,765.0,749.0,903.0,132.0,23.0,15.0,919.0,994.0,341.0,844.0,899.0
Dihydroorotate dehydrogenase,772.0,911.0,847.0,470.0,790.0,256.0,717.0,750.0,69.0,80.0,423.0
Epoxide hydrolase 1,229.0,184.0,81.0,791.0,320.0,835.0,215.0,119.0,849.0,511.0,277.0
Sulfonylurea receptor 2,755.0,940.0,258.0,444.0,555.0,857.0,366.0,434.0,789.0,523.0,162.0
Tyrosine-protein kinase receptor FLT3,415.0,86.0,432.0,586.0,703.0,51.0,912.0,122.0,285.0,422.0,158.0
Vitamin D receptor,180.0,156.0,514.0,539.0,190.0,398.0,399.0,607.0,311.0,429.0,820.0
Cytochrome P450 19A1,705.0,540.0,810.0,506.0,644.0,185.0,584.0,712.0,244.0,369.0,759.0
Sodium channel protein type V alpha subunit,130.0,420.0,730.0,227.0,351.0,36.0,943.0,966.0,58.0,448.0,934.0
Insulin receptor,730.0,549.0,410.0,370.0,292.0,895.0,290.0,669.0,617.0,740.0,324.0
Serotonin 1d (5-HT1d) receptor,885.0,110.0,637.0,296.0,743.0,22.0,910.0,211.0,300.0,984.0,506.0
Glucagon receptor,220.0,724.0,380.0,304.0,330.0,998.0,39.0,724.0,971.0,130.0,542.0
Inhibitor of nuclear factor kappa B kinase beta subunit,488.0,674.0,403.0,432.0,154.0,775.0,236.0,743.0,618.0,518.0,451.0
DNA (cytosine-5)-methyltransferase 1,56.0,68.0,614.0,949.0,796.0,242.0,774.0,60.0,537.0,783.0,729.0
Mineralocorticoid receptor,663.0,716.0,148.0,529.0,854.0,700.0,565.0,165.0,326.0,335.0,63.0
Prostanoid IP receptor,732.0,405.0,548.0,763.0,922.0,654.0,438.0,109.0,123.0,584.0,140.0
Equilibrative nucleoside transporter 1,491.0,479.0,631.0,698.0,52.0,603.0,239.0,464.0,980.0,155.0,879.0
Plasma kallikrein,362.0,897.0,35.0,398.0,955.0,636.0,286.0,332.0,94.0,641.0,131.0
Purinergic receptor P2Y12,134.0,480.0,324.0,169.0,670.0,822.0,564.0,527.0,417.0,975.0,146.0
Inosine-5'-monophosphate dehydrogenase 2,618.0,654.0,312.0,706.0,501.0,964.0,162.0,251.0,491.0,19.0,324.0
Retinoic acid receptor gamma,668.0,20.0,914.0,59.0,11.0,1.0,989.0,944.0,133.0,713.0,942.0
Platelet-derived growth factor receptor alpha,841.0,974.0,91.0,893.0,979.0,939.0,31.0,20.0,762.0,389.0,90.0
Isocitrate dehydrogenase [NADP] cytoplasmic,479.0,781.0,178.0,709.0,778.0,804.0,84.0,674.0,756.0,347.0,393.0
Retinoic acid receptor beta,515.0,484.0,797.0,460.0,828.0,247.0,879.0,706.0,29.0,379.0,575.0
C-X-C chemokine receptor type 7,449.0,656.0,293.0,674.0,566.0,977.0,101.0,73.0,958.0,934.0,107.0
Nociceptin receptor,170.0,217.0,534.0,465.0,46.0,886.0,143.0,724.0,992.0,836.0,905.0
Coagulation factor IX,754.0,391.0,331.0,273.0,755.0,536.0,201.0,305.0,353.0,482.0,398.0
Dihydrofolate reductase,267.0,812.0,707.0,363.0,760.0,5.0,996.0,834.0,19.0,83.0,669.0
Niemann-Pick C1-like protein 1,819.0,64.0,933.0,778.0,59.0,340.0,663.0,708.0,832.0,383.0,771.0
Somatostatin receptor 3,607.0,770.0,579.0,778.0,187.0,488.0,449.0,731.0,748.0,311.0,453.0
Epidermal growth factor receptor erbB1,370.0,264.0,888.0,149.0,42.0,46.0,908.0,991.0,286.0,622.0,982.0
Glucocorticoid receptor,578.0,876.0,528.0,642.0,939.0,427.0,370.0,108.0,123.0,545.0,160.0
Muscarinic acetylcholine receptor M5,126.0,253.0,123.0,528.0,591.0,982.0,274.0,266.0,512.0,122.0,287.0
Monoamine oxidase B,354.0,112.0,754.0,434.0,107.0,532.0,347.0,706.0,897.0,737.0,807.0
Thrombin,380.0,633.0,565.0,444.0,871.0,131.0,882.0,605.0,148.0,808.0,491.0
Tyrosine-protein kinase receptor RET,881.0,530.0,500.0,414.0,604.0,101.0,723.0,543.0,116.0,710.0,228.0
"Kynurenine/alpha-aminoadipate aminotransferase, mitochondrial",440.0,743.0,273.0,507.0,716.0,958.0,47.0,138.0,977.0,551.0,405.0
Bile acid receptor FXR,849.0,140.0,533.0,556.0,549.0,122.0,765.0,115.0,207.0,825.0,145.0
Oxytocin receptor,623.0,725.0,247.0,560.0,434.0,810.0,46.0,396.0,692.0,67.0,851.0
Carbonic anhydrase II,343.0,716.0,513.0,91.0,323.0,767.0,924.0,980.0,405.0,99.0,734.0
Peptidyl-prolyl cis-trans isomerase FKBP5,484.0,904.0,556.0,705.0,795.0,99.0,923.0,252.0,155.0,764.0,77.0
Retinoic acid receptor alpha,575.0,78.0,552.0,591.0,932.0,285.0,529.0,98.0,72.0,875.0,354.0
Dopamine D1 receptor,180.0,20.0,659.0,704.0,469.0,802.0,500.0,234.0,752.0,859.0,453.0
Estrogen receptor alpha,462.0,253.0,858.0,407.0,22.0,193.0,652.0,935.0,937.0,466.0,880.0
Retinoid X receptor alpha,575.0,985.0,643.0,737.0,305.0,871.0,26.0,729.0,818.0,7.0,872.0
Ceramide glucosyltransferase,580.0,912.0,104.0,221.0,784.0,884.0,189.0,523.0,548.0,54.0,292.0
Ephrin type-A receptor 2,468.0,781.0,907.0,493.0,312.0,54.0,942.0,946.0,93.0,506.0,836.0
Thromboxane A2 receptor,117.0,652.0,733.0,380.0,55.0,464.0,444.0,932.0,243.0,261.0,774.0
Sodium channel protein type IV alpha subunit,818.0,153.0,236.0,617.0,690.0,824.0,318.0,94.0,906.0,441.0,261.0
Tyrosine-protein kinase YES,412.0,297.0,113.0,768.0,883.0,797.0,198.0,29.0,803.0,967.0,190.0
Progesterone receptor,583.0,491.0,711.0,313.0,535.0,132.0,664.0,373.0,789.0,831.0,585.0
Fatty acid binding protein adipocyte,764.0,65.0,624.0,477.0,23.0,566.0,646.0,799.0,806.0,602.0,896.0
Macrophage migration inhibitory factor,519.0,356.0,357.0,554.0,923.0,413.0,545.0,138.0,208.0,683.0,137.0
Trypsin I,461.0,575.0,671.0,659.0,648.0,95.0,863.0,465.0,94.0,691.0,234.0
Beta-2 adrenergic receptor,445.0,758.0,571.0,209.0,590.0,756.0,620.0,750.0,363.0,623.0,155.0
C-X-C chemokine receptor type 4,494.0,411.0,212.0,652.0,399.0,850.0,281.0,352.0,421.0,635.0,487.0
Cyclin T1,749.0,923.0,747.0,108.0,360.0,168.0,647.0,880.0,69.0,286.0,608.0
Muscarinic acetylcholine receptor M2,331.0,89.0,48.0,812.0,895.0,964.0,86.0,98.0,814.0,400.0,444.0
Beta-1 adrenergic receptor,511.0,131.0,791.0,692.0,792.0,273.0,423.0,146.0,604.0,863.0,664.0
Serotonin 1a (5-HT1a) receptor,469.0,312.0,668.0,390.0,188.0,191.0,547.0,695.0,651.0,299.0,860.0
Kynurenine 3-monooxygenase,326.0,992.0,232.0,400.0,616.0,900.0,222.0,963.0,485.0,100.0,437.0
"Glutaminase kidney isoform, mitochondrial",536.0,762.0,507.0,499.0,488.0,130.0,705.0,424.0,601.0,426.0,293.0
Serine/threonine-protein kinase PIM1,343.0,0.0,740.0,697.0,718.0,76.0,979.0,8.0,274.0,924.0,241.0
Tyrosine-protein kinase JAK3,444.0,233.0,241.0,426.0,3.0,807.0,214.0,958.0,970.0,89.0,927.0
Arachidonate 5-lipoxygenase,345.0,782.0,430.0,700.0,940.0,909.0,91.0,653.0,528.0,585.0,509.0
ATPase family AAA domain-containing protein 2,506.0,599.0,443.0,511.0,926.0,189.0,449.0,128.0,138.0,393.0,261.0
Muscarinic acetylcholine receptor M1,386.0,980.0,509.0,293.0,933.0,851.0,295.0,537.0,163.0,606.0,441.0
Tyrosyl-DNA phosphodiesterase 2,917.0,223.0,781.0,246.0,41.0,61.0,913.0,869.0,771.0,740.0,355.0
Dopamine D2 receptor,459.0,383.0,628.0,553.0,446.0,211.0,763.0,354.0,212.0,568.0,548.0
Beta-glucocerebrosidase,317.0,73.0,64.0,784.0,779.0,984.0,149.0,15.0,947.0,891.0,220.0
Cannabinoid CB1 receptor,416.0,452.0,686.0,678.0,758.0,526.0,507.0,435.0,598.0,772.0,304.0
Serine/threonine-protein kinase Aurora-B,809.0,228.0,910.0,486.0,66.0,47.0,814.0,871.0,213.0,591.0,807.0
Histone-lysine N-methyltransferase EZH2,192.0,957.0,161.0,511.0,865.0,934.0,36.0,710.0,348.0,43.0,650.0
Dopamine D4 receptor,656.0,551.0,130.0,262.0,219.0,674.0,366.0,391.0,948.0,760.0,57.0
Acetylcholinesterase,801.0,936.0,385.0,461.0,926.0,121.0,795.0,250.0,76.0,713.0,114.0
Motilin receptor,324.0,184.0,189.0,885.0,531.0,968.0,113.0,143.0,869.0,125.0,742.0
MAP kinase-activated protein kinase 2,664.0,570.0,835.0,605.0,650.0,15.0,783.0,480.0,218.0,233.0,929.0
Cyclooxygenase-1,515.0,773.0,694.0,249.0,374.0,604.0,550.0,466.0,460.0,682.0,548.0
Norepinephrine transporter,431.0,368.0,892.0,161.0,129.0,141.0,931.0,992.0,235.0,569.0,872.0
Alpha-1d adrenergic receptor,307.0,377.0,298.0,683.0,547.0,708.0,308.0,502.0,306.0,306.0,451.0
Serotonin 2a (5-HT2a) receptor,296.0,657.0,818.0,441.0,39.0,382.0,422.0,989.0,375.0,80.0,968.0
Anandamide amidohydrolase,737.0,877.0,664.0,897.0,913.0,515.0,514.0,32.0,772.0,504.0,81.0
Aldehyde reductase,440.0,102.0,346.0,112.0,339.0,416.0,736.0,824.0,322.0,900.0,543.0
Serotonin 2c (5-HT2c) receptor,541.0,129.0,463.0,336.0,119.0,392.0,638.0,704.0,894.0,700.0,522.0
Tyrosine-protein kinase BLK,635.0,839.0,261.0,495.0,917.0,928.0,76.0,68.0,565.0,322.0,197.0
Dipeptidyl peptidase I,603.0,625.0,524.0,823.0,938.0,157.0,873.0,354.0,35.0,292.0,182.0
Adenosine A1 receptor,300.0,279.0,323.0,108.0,179.0,903.0,59.0,504.0,926.0,884.0,610.0
Acyl coenzyme A:cholesterol acyltransferase,410.0,560.0,802.0,372.0,217.0,32.0,745.0,854.0,235.0,681.0,729.0
Type-1 angiotensin II receptor,217.0,326.0,901.0,619.0,460.0,701.0,548.0,836.0,488.0,230.0,899.0
Sphingosine 1-phosphate receptor Edg-8,487.0,522.0,101.0,212.0,719.0,987.0,206.0,70.0,896.0,519.0,173.0
c-Jun N-terminal kinase 1,565.0,150.0,792.0,723.0,13.0,40.0,911.0,755.0,667.0,576.0,882.0
Serotonin transporter,678.0,518.0,478.0,731.0,241.0,50.0,979.0,682.0,109.0,393.0,243.0
ADAMTS5,744.0,927.0,98.0,342.0,647.0,983.0,28.0,160.0,972.0,309.0,127.0
Peptidyl-prolyl cis-trans isomerase NIMA-interacting 1,677.0,356.0,264.0,597.0,851.0,860.0,225.0,78.0,276.0,742.0,30.0
Alpha-1a adrenergic receptor,634.0,897.0,696.0,648.0,378.0,55.0,839.0,717.0,731.0,337.0,876.0
Dual-specificity tyrosine-phosphorylation regulated kinase 1A,468.0,71.0,566.0,851.0,956.0,437.0,643.0,99.0,58.0,847.0,704.0
Cyclooxygenase-2,335.0,10.0,566.0,855.0,169.0,244.0,666.0,325.0,661.0,949.0,346.0
Voltage-gated potassium channel subunit Kv1.1,435.0,989.0,137.0,212.0,961.0,995.0,27.0,189.0,570.0,99.0,392.0
Histamine H1 receptor,384.0,300.0,365.0,711.0,751.0,547.0,373.0,359.0,511.0,320.0,250.0
ADAMTS4,388.0,929.0,594.0,177.0,51.0,738.0,366.0,953.0,840.0,291.0,799.0
Alpha-1b adrenergic receptor,598.0,30.0,195.0,337.0,698.0,359.0,326.0,79.0,576.0,986.0,191.0
Potassium channel subfamily K member 3,437.0,662.0,955.0,77.0,135.0,44.0,973.0,995.0,193.0,440.0,939.0
"Alpha-1,6-mannosyl-glycoprotein 2-beta-N-acetylglucosaminyltransferase",633.0,359.0,607.0,710.0,312.0,179.0,788.0,445.0,386.0,568.0,436.0
Carbonic anhydrase VII,398.0,883.0,617.0,647.0,755.0,663.0,50.0,711.0,771.0,109.0,733.0
Neurokinin 2 receptor,299.0,20.0,227.0,752.0,618.0,301.0,903.0,328.0,173.0,381.0,354.0
Mu opioid receptor,754.0,555.0,680.0,263.0,146.0,534.0,507.0,558.0,564.0,719.0,281.0
"6-phosphofructo-2-kinase/fructose-2,6-bisphosphatase 3",466.0,816.0,791.0,505.0,481.0,100.0,948.0,814.0,54.0,699.0,340.0
Caspase-3,372.0,946.0,399.0,264.0,781.0,724.0,168.0,312.0,291.0,303.0,548.0
Lysosomal Pro-X carboxypeptidase,680.0,217.0,790.0,300.0,261.0,518.0,543.0,866.0,187.0,397.0,725.0
Glycine transporter 1,175.0,900.0,71.0,517.0,413.0,949.0,57.0,363.0,987.0,45.0,719.0
Dopamine D3 receptor,701.0,422.0,235.0,235.0,330.0,99.0,577.0,902.0,326.0,901.0,266.0
Serine/threonine-protein kinase Sgk1,486.0,111.0,732.0,880.0,522.0,244.0,914.0,80.0,447.0,539.0,461.0
Ribosomal protein S6 kinase alpha 3,851.0,801.0,539.0,924.0,527.0,693.0,378.0,295.0,709.0,167.0,630.0
Peroxisome proliferator-activated receptor gamma,442.0,96.0,237.0,528.0,523.0,767.0,96.0,145.0,774.0,862.0,483.0
Delta opioid receptor,275.0,798.0,642.0,274.0,890.0,736.0,278.0,616.0,294.0,765.0,442.0
Hypoxanthine-guanine phosphoribosyltransferase,590.0,775.0,286.0,528.0,672.0,866.0,543.0,349.0,200.0,211.0,136.0
Kappa opioid receptor,566.0,10.0,947.0,467.0,28.0,9.0,977.0,922.0,374.0,882.0,878.0
C5a anaphylatoxin chemotactic receptor,368.0,285.0,728.0,543.0,185.0,969.0,119.0,410.0,859.0,45.0,657.0
Dual specificity phosphatase Cdc25C,575.0,422.0,368.0,823.0,650.0,53.0,746.0,81.0,260.0,827.0,415.0
Dopamine transporter,585.0,637.0,88.0,687.0,916.0,932.0,161.0,31.0,803.0,533.0,83.0
Peroxisome proliferator-activated receptor alpha,375.0,166.0,231.0,894.0,580.0,880.0,147.0,82.0,962.0,556.0,598.0
HERG,550.0,383.0,782.0,95.0,82.0,61.0,908.0,989.0,176.0,984.0,198.0
Epoxide hydratase,540.0,889.0,620.0,315.0,819.0,216.0,754.0,807.0,163.0,48.0,768.0
Phosphodiesterase 3A,251.0,484.0,592.0,153.0,289.0,62.0,696.0,835.0,183.0,574.0,775.0
C-C chemokine receptor type 1,272.0,843.0,891.0,500.0,85.0,553.0,688.0,858.0,634.0,157.0,911.0
C-C chemokine receptor type 4,869.0,206.0,236.0,895.0,789.0,686.0,424.0,36.0,751.0,891.0,15.0
Estrogen receptor beta,345.0,769.0,204.0,163.0,985.0,871.0,188.0,342.0,86.0,600.0,37.0
Glyoxalase I,311.0,816.0,546.0,321.0,813.0,742.0,126.0,606.0,488.0,280.0,905.0
"Myosin light chain kinase, smooth muscle",561.0,696.0,245.0,680.0,102.0,903.0,358.0,728.0,938.0,394.0,799.0
Serine/threonine-protein kinase AKT2,622.0,17.0,813.0,644.0,87.0,23.0,895.0,735.0,233.0,623.0,571.0
Interleukin-8 receptor B,460.0,840.0,653.0,432.0,581.0,50.0,842.0,810.0,88.0,327.0,821.0
Myeloperoxidase,304.0,233.0,472.0,125.0,776.0,581.0,645.0,725.0,268.0,868.0,582.0
Coagulation factor X,418.0,760.0,912.0,493.0,180.0,608.0,635.0,617.0,447.0,430.0,753.0
Deoxycytidine kinase,807.0,658.0,98.0,413.0,213.0,761.0,181.0,265.0,973.0,121.0,381.0
Muscarinic acetylcholine receptor M3,424.0,779.0,320.0,562.0,57.0,995.0,21.0,769.0,992.0,10.0,834.0
Beta-3 adrenergic receptor,395.0,654.0,543.0,557.0,859.0,115.0,923.0,237.0,21.0,837.0,230.0
Death-associated protein kinase 3,693.0,93.0,111.0,724.0,989.0,436.0,134.0,5.0,374.0,969.0,29.0
Methionine aminopeptidase 1,717.0,210.0,494.0,722.0,172.0,710.0,580.0,304.0,817.0,657.0,320.0
Leukocyte elastase,639.0,743.0,728.0,497.0,969.0,17.0,923.0,646.0,24.0,743.0,699.0
Beta amyloid A4 protein,149.0,724.0,312.0,73.0,208.0,573.0,449.0,928.0,538.0,238.0,651.0
Neurokinin 1 receptor,549.0,384.0,313.0,646.0,404.0,982.0,62.0,99.0,973.0,601.0,533.0
Neuronal acetylcholine receptor protein alpha-7 subunit,838.0,236.0,792.0,979.0,868.0,67.0,759.0,7.0,394.0,533.0,73.0
Adenosine A2a receptor,342.0,735.0,846.0,42.0,79.0,14.0,983.0,1000.0,12.0,731.0,917.0
Endothelin receptor ET-A,407.0,382.0,794.0,238.0,259.0,147.0,930.0,917.0,124.0,674.0,542.0
Beta secretase 2,635.0,92.0,757.0,815.0,666.0,376.0,621.0,90.0,749.0,800.0,195.0
Serine/threonine-protein kinase Chk2,254.0,89.0,331.0,942.0,689.0,316.0,440.0,129.0,288.0,700.0,356.0
Cannabinoid CB2 receptor,384.0,858.0,753.0,474.0,54.0,775.0,260.0,875.0,941.0,58.0,977.0
3-phosphoinositide dependent protein kinase-1,392.0,700.0,21.0,424.0,841.0,976.0,91.0,63.0,797.0,450.0,101.0
Phospholipase D1,763.0,980.0,506.0,189.0,195.0,185.0,595.0,801.0,419.0,271.0,354.0
Phosphodiesterase 4A,522.0,22.0,426.0,490.0,537.0,486.0,471.0,343.0,283.0,632.0,445.0
Adenosine A2b receptor,203.0,956.0,533.0,256.0,656.0,482.0,450.0,924.0,156.0,100.0,753.0
Carboxypeptidase B,714.0,789.0,692.0,121.0,309.0,554.0,281.0,929.0,437.0,853.0,558.0
Adenosine A3 receptor,719.0,184.0,813.0,678.0,475.0,172.0,467.0,156.0,797.0,782.0,444.0
Histone deacetylase 5,520.0,133.0,164.0,742.0,915.0,550.0,418.0,37.0,578.0,483.0,282.0
Liver glycogen phosphorylase,199.0,59.0,700.0,637.0,350.0,459.0,674.0,419.0,594.0,791.0,693.0
Tyrosine-protein kinase LCK,426.0,852.0,97.0,552.0,434.0,982.0,120.0,404.0,934.0,95.0,381.0
Cathepsin D,614.0,779.0,527.0,800.0,217.0,741.0,106.0,726.0,791.0,53.0,906.0
Melanocortin receptor 4,308.0,765.0,703.0,439.0,367.0,461.0,736.0,646.0,406.0,145.0,437.0
Peptide N-myristoyltransferase 1,660.0,379.0,587.0,604.0,838.0,165.0,741.0,97.0,513.0,920.0,415.0
Tyrosine-protein kinase SYK,846.0,647.0,410.0,587.0,613.0,760.0,273.0,481.0,475.0,477.0,192.0
MAP kinase p38 alpha,379.0,878.0,716.0,220.0,498.0,369.0,340.0,882.0,521.0,286.0,912.0
Carbonic anhydrase I,33.0,512.0,744.0,221.0,228.0,302.0,870.0,958.0,36.0,812.0,413.0
Furin,537.0,851.0,196.0,208.0,709.0,567.0,762.0,173.0,555.0,486.0,134.0
Tryptase beta-1,427.0,11.0,495.0,706.0,422.0,245.0,796.0,635.0,250.0,401.0,698.0
Glycogen synthase kinase-3 beta,916.0,241.0,790.0,832.0,769.0,234.0,583.0,81.0,129.0,466.0,153.0
Dual specificity protein phosphatase 3,249.0,982.0,366.0,461.0,811.0,484.0,469.0,504.0,406.0,438.0,672.0
c-Jun N-terminal kinase 3,589.0,496.0,398.0,666.0,250.0,791.0,266.0,506.0,742.0,119.0,689.0
Histamine H3 receptor,632.0,284.0,659.0,513.0,167.0,289.0,586.0,506.0,726.0,675.0,613.0
Phosphodiesterase 2A,490.0,59.0,674.0,812.0,735.0,248.0,496.0,102.0,819.0,544.0,802.0
Adenosylhomocysteinase,739.0,867.0,412.0,489.0,212.0,606.0,357.0,417.0,923.0,109.0,247.0
Tyrosine-protein kinase SRC,209.0,61.0,175.0,265.0,334.0,573.0,270.0,871.0,425.0,999.0,388.0
Cathepsin K,666.0,159.0,915.0,425.0,99.0,85.0,754.0,844.0,264.0,228.0,935.0
Macrophage-stimulating protein receptor,271.0,897.0,525.0,227.0,920.0,938.0,115.0,461.0,561.0,746.0,471.0
Cystinyl aminopeptidase,459.0,964.0,108.0,646.0,971.0,825.0,306.0,189.0,374.0,157.0,100.0
Focal adhesion kinase 1,499.0,342.0,388.0,471.0,347.0,778.0,480.0,360.0,449.0,901.0,128.0
Mitogen-activated protein kinase kinase kinase 11,813.0,668.0,642.0,735.0,34.0,576.0,783.0,582.0,951.0,148.0,622.0
Histone deacetylase 7,206.0,439.0,432.0,294.0,898.0,59.0,889.0,601.0,12.0,354.0,432.0
Phosphodiesterase 11A,752.0,800.0,596.0,667.0,757.0,690.0,163.0,382.0,640.0,755.0,757.0
Cytochrome P450 11B2,642.0,718.0,157.0,92.0,654.0,928.0,153.0,398.0,645.0,937.0,123.0
Protein-glutamine gamma-glutamyltransferase,505.0,35.0,906.0,780.0,718.0,37.0,913.0,529.0,59.0,410.0,678.0
Phospholipase D2,266.0,116.0,583.0,717.0,30.0,65.0,849.0,727.0,767.0,874.0,754.0
Metabotropic glutamate receptor 4,259.0,893.0,638.0,192.0,847.0,801.0,161.0,778.0,448.0,543.0,909.0
C-C chemokine receptor type 5,586.0,845.0,327.0,192.0,809.0,688.0,303.0,404.0,292.0,513.0,168.0
Fibroblast growth factor receptor 3,425.0,530.0,185.0,862.0,365.0,833.0,274.0,239.0,898.0,110.0,317.0
Phosphodiesterase 4B,330.0,871.0,328.0,489.0,52.0,274.0,670.0,740.0,917.0,331.0,241.0
Ileal bile acid transporter,483.0,384.0,311.0,485.0,535.0,837.0,165.0,492.0,796.0,351.0,641.0
Integrin alpha-4,423.0,215.0,796.0,525.0,139.0,31.0,949.0,871.0,128.0,237.0,871.0
Sodium/hydrogen exchanger 1,707.0,561.0,812.0,638.0,591.0,481.0,383.0,407.0,429.0,146.0,483.0
Acyl coenzyme A:cholesterol acyltransferase 1,544.0,988.0,90.0,275.0,979.0,973.0,29.0,436.0,761.0,132.0,286.0
Estradiol 17-beta-dehydrogenase 2,808.0,514.0,886.0,614.0,350.0,359.0,860.0,827.0,19.0,594.0,436.0
Vascular endothelial growth factor receptor 2,371.0,68.0,758.0,603.0,678.0,61.0,903.0,339.0,119.0,575.0,455.0
Matrix metalloproteinase 13,669.0,649.0,625.0,89.0,265.0,129.0,830.0,706.0,452.0,966.0,758.0
Tyrosine-protein kinase ZAP-70,599.0,643.0,390.0,477.0,783.0,446.0,485.0,379.0,202.0,329.0,232.0
LXR-alpha,107.0,133.0,161.0,564.0,279.0,983.0,102.0,329.0,957.0,802.0,480.0
Protein-glutamine gamma-glutamyltransferase K,359.0,66.0,513.0,839.0,162.0,50.0,820.0,454.0,925.0,480.0,737.0
Nerve growth factor receptor Trk-A,868.0,211.0,427.0,699.0,661.0,473.0,475.0,38.0,859.0,947.0,146.0
Coagulation factor XI,327.0,944.0,754.0,172.0,177.0,629.0,514.0,964.0,246.0,100.0,710.0
Casein kinase I delta,724.0,376.0,578.0,239.0,522.0,795.0,111.0,425.0,632.0,681.0,273.0
Matrix metalloproteinase 3,581.0,663.0,778.0,125.0,933.0,385.0,476.0,922.0,17.0,376.0,747.0
Tyrosine-protein kinase JAK1,224.0,507.0,391.0,571.0,986.0,782.0,337.0,221.0,46.0,623.0,425.0
Dipeptidyl peptidase IV,540.0,555.0,514.0,751.0,282.0,146.0,851.0,828.0,267.0,339.0,539.0
Serine/threonine-protein kinase mTOR,199.0,239.0,95.0,857.0,598.0,946.0,296.0,21.0,960.0,403.0,308.0
Glycogen synthase kinase-3 alpha,857.0,64.0,872.0,840.0,243.0,13.0,954.0,194.0,316.0,117.0,857.0
Renin,670.0,985.0,400.0,127.0,48.0,660.0,258.0,992.0,847.0,291.0,750.0
Sigma opioid receptor,325.0,125.0,337.0,712.0,732.0,966.0,58.0,84.0,834.0,600.0,380.0
Mitogen-activated protein kinase kinase kinase 9,720.0,984.0,333.0,711.0,800.0,847.0,278.0,23.0,924.0,376.0,94.0
Phosphodiesterase 4D,738.0,692.0,115.0,297.0,589.0,532.0,275.0,165.0,733.0,860.0,137.0
Carbonic anhydrase III,110.0,40.0,379.0,534.0,414.0,297.0,867.0,797.0,68.0,543.0,547.0
Hematopoietic cell protein-tyrosine phosphatase 70Z-PEP,414.0,16.0,938.0,548.0,42.0,6.0,991.0,972.0,128.0,953.0,703.0
Phosphodiesterase 3B,152.0,590.0,612.0,803.0,68.0,858.0,104.0,753.0,939.0,275.0,920.0
Arachidonate 15-lipoxygenase,892.0,875.0,769.0,65.0,538.0,163.0,355.0,926.0,106.0,695.0,592.0
Phosphodiesterase 4C,558.0,865.0,759.0,181.0,714.0,348.0,888.0,453.0,347.0,194.0,838.0
Telomerase reverse transcriptase,724.0,817.0,581.0,829.0,887.0,869.0,221.0,131.0,100.0,404.0,63.0
Protein kinase C gamma,207.0,838.0,22.0,544.0,810.0,986.0,70.0,60.0,966.0,368.0,73.0
Cathepsin S,576.0,51.0,253.0,662.0,750.0,178.0,304.0,141.0,791.0,959.0,591.0
Sphingosine 1-phosphate receptor Edg-5,804.0,452.0,735.0,178.0,82.0,117.0,774.0,891.0,819.0,647.0,271.0
Tyrosine-protein kinase ITK/TSK,471.0,928.0,422.0,317.0,415.0,778.0,329.0,877.0,123.0,203.0,548.0
Dual specificity mitogen-activated protein kinase kinase 2,88.0,833.0,845.0,292.0,540.0,158.0,848.0,956.0,24.0,69.0,957.0
Tyrosine-protein kinase JAK2,404.0,400.0,91.0,801.0,675.0,889.0,380.0,204.0,795.0,234.0,192.0
Rho-associated protein kinase 2,215.0,21.0,319.0,715.0,256.0,232.0,500.0,296.0,715.0,395.0,897.0
Cholecystokinin B receptor,874.0,720.0,949.0,206.0,52.0,33.0,831.0,912.0,319.0,499.0,579.0
Protein kinase C alpha,534.0,969.0,78.0,505.0,954.0,982.0,25.0,146.0,813.0,175.0,186.0
Protein kinase C delta,436.0,795.0,511.0,383.0,988.0,274.0,860.0,102.0,51.0,763.0,91.0
P2X purinoceptor 3,415.0,24.0,570.0,811.0,84.0,804.0,399.0,500.0,880.0,458.0,648.0
Multidrug resistance-associated protein 1,453.0,353.0,374.0,628.0,583.0,500.0,585.0,48.0,827.0,846.0,440.0
Receptor protein-tyrosine kinase erbB-4,837.0,37.0,654.0,851.0,425.0,53.0,946.0,242.0,336.0,831.0,521.0
Cyclin-dependent kinase 2,242.0,945.0,601.0,151.0,316.0,810.0,248.0,960.0,250.0,107.0,775.0
Phosphodiesterase 7A,478.0,436.0,885.0,757.0,372.0,260.0,375.0,565.0,71.0,581.0,542.0
Matriptase,818.0,901.0,605.0,43.0,150.0,397.0,354.0,889.0,790.0,319.0,777.0
Sphingosine kinase 2,526.0,411.0,307.0,740.0,766.0,334.0,605.0,269.0,359.0,845.0,325.0
Serine/threonine-protein kinase PLK1,596.0,574.0,274.0,650.0,350.0,593.0,194.0,779.0,518.0,210.0,633.0
Carbonic anhydrase VI,430.0,315.0,556.0,568.0,261.0,377.0,664.0,293.0,841.0,878.0,178.0
Protein kinase C beta,352.0,688.0,837.0,516.0,232.0,342.0,787.0,894.0,257.0,31.0,908.0
Cyclin-dependent kinase 7,564.0,183.0,500.0,521.0,600.0,962.0,61.0,149.0,971.0,803.0,704.0
Glycine transporter 2,598.0,358.0,710.0,669.0,181.0,354.0,488.0,460.0,699.0,380.0,320.0
Cyclin-dependent kinase 1,266.0,523.0,65.0,435.0,984.0,678.0,809.0,199.0,61.0,814.0,34.0
Excitatory amino acid transporter 1,359.0,514.0,638.0,684.0,93.0,232.0,495.0,777.0,837.0,741.0,820.0
Plasma retinol-binding protein,594.0,836.0,879.0,323.0,790.0,61.0,863.0,875.0,14.0,653.0,469.0
Poly [ADP-ribose] polymerase-1,591.0,143.0,85.0,653.0,264.0,965.0,226.0,173.0,959.0,104.0,639.0
Thymidine phosphorylase,669.0,515.0,157.0,327.0,893.0,982.0,58.0,9.0,925.0,510.0,193.0
Cyclin-dependent kinase 9,512.0,431.0,927.0,312.0,377.0,9.0,976.0,944.0,15.0,847.0,838.0
PI3-kinase p110-delta subunit,548.0,625.0,469.0,284.0,562.0,495.0,354.0,571.0,362.0,685.0,473.0
DNA-dependent protein kinase,279.0,432.0,210.0,682.0,879.0,877.0,374.0,142.0,700.0,139.0,410.0
PI3-kinase p110-beta subunit,635.0,755.0,334.0,541.0,312.0,593.0,510.0,422.0,569.0,748.0,98.0
Serotonin 7 (5-HT7) receptor,312.0,183.0,861.0,464.0,504.0,132.0,315.0,443.0,614.0,620.0,921.0
Bradykinin B2 receptor,726.0,550.0,605.0,726.0,529.0,874.0,302.0,794.0,669.0,520.0,673.0
Protein-tyrosine phosphatase 1C,689.0,932.0,352.0,548.0,936.0,408.0,300.0,159.0,69.0,124.0,207.0
Carboxylesterase 2,52.0,87.0,525.0,331.0,157.0,68.0,980.0,826.0,647.0,844.0,707.0
Estradiol 17-beta-dehydrogenase 1,365.0,142.0,110.0,775.0,145.0,913.0,75.0,195.0,977.0,182.0,823.0
Histone deacetylase 8,522.0,252.0,419.0,112.0,808.0,253.0,828.0,314.0,103.0,866.0,264.0
Prolyl endopeptidase,876.0,555.0,899.0,787.0,57.0,222.0,652.0,600.0,583.0,125.0,632.0
Matrix metalloproteinase 9,596.0,621.0,451.0,436.0,494.0,598.0,311.0,802.0,508.0,339.0,550.0
CD22,792.0,556.0,430.0,420.0,549.0,442.0,802.0,385.0,356.0,841.0,95.0
Metabotropic glutamate receptor 5,709.0,910.0,748.0,228.0,721.0,217.0,418.0,720.0,110.0,436.0,281.0
Sphingosine 1-phosphate receptor Edg-6,156.0,119.0,124.0,703.0,68.0,687.0,381.0,600.0,974.0,837.0,587.0
Rho-associated protein kinase 1,116.0,48.0,821.0,559.0,735.0,469.0,674.0,447.0,65.0,956.0,558.0
Tyrosine-protein kinase HCK,473.0,784.0,131.0,699.0,926.0,967.0,172.0,181.0,675.0,234.0,299.0
Carbonic anhydrase XII,431.0,748.0,708.0,348.0,217.0,438.0,476.0,760.0,523.0,83.0,783.0
Histone deacetylase 1,365.0,991.0,390.0,509.0,920.0,883.0,338.0,368.0,443.0,106.0,382.0
Lysophosphatidic acid receptor Edg-7,923.0,420.0,311.0,480.0,902.0,360.0,253.0,54.0,312.0,545.0,313.0
PI3-kinase p110-gamma subunit,529.0,576.0,213.0,311.0,487.0,107.0,789.0,736.0,268.0,471.0,401.0
PI4-kinase beta subunit,511.0,198.0,778.0,736.0,26.0,223.0,844.0,670.0,550.0,757.0,366.0
Cathepsin L2,438.0,349.0,943.0,154.0,199.0,348.0,594.0,988.0,468.0,932.0,957.0
Urokinase-type plasminogen activator,302.0,147.0,392.0,944.0,707.0,304.0,293.0,78.0,910.0,279.0,558.0
Testis-specific androgen-binding protein,714.0,739.0,369.0,216.0,335.0,700.0,575.0,479.0,529.0,276.0,336.0
Caspase-6,496.0,651.0,672.0,562.0,129.0,647.0,84.0,915.0,835.0,71.0,931.0
Cyclin-dependent kinase 4,869.0,910.0,885.0,609.0,602.0,47.0,960.0,860.0,36.0,280.0,270.0
Histone deacetylase 11,318.0,37.0,155.0,828.0,806.0,993.0,40.0,9.0,974.0,947.0,161.0
Sodium-dependent proline transporter,92.0,570.0,191.0,347.0,251.0,908.0,497.0,537.0,903.0,411.0,490.0
Matrix metalloproteinase-1,731.0,911.0,635.0,181.0,149.0,198.0,674.0,960.0,103.0,605.0,606.0
Matrix metalloproteinase-2,630.0,365.0,550.0,704.0,523.0,196.0,622.0,618.0,173.0,39.0,754.0
Protein-tyrosine phosphatase 1B,643.0,179.0,332.0,236.0,689.0,84.0,796.0,151.0,300.0,817.0,71.0
Acetyl-CoA carboxylase 1,396.0,389.0,565.0,446.0,940.0,281.0,835.0,258.0,232.0,660.0,279.0
Serotonin 6 (5-HT6) receptor,354.0,921.0,883.0,299.0,66.0,168.0,586.0,969.0,396.0,18.0,897.0
MAP kinase ERK1,525.0,693.0,395.0,301.0,230.0,510.0,563.0,770.0,474.0,875.0,362.0
Cytochrome P450 2C9,795.0,135.0,497.0,952.0,503.0,787.0,399.0,80.0,673.0,331.0,351.0
Probable G-protein coupled receptor 88,359.0,6.0,906.0,791.0,162.0,16.0,977.0,597.0,37.0,933.0,523.0
Cytochrome P450 3A4,105.0,656.0,555.0,127.0,677.0,975.0,57.0,827.0,419.0,658.0,961.0
Pregnane X receptor,421.0,703.0,127.0,377.0,268.0,911.0,47.0,120.0,992.0,366.0,695.0
Carboxypeptidase B2 isoform A,581.0,507.0,741.0,163.0,363.0,5.0,900.0,897.0,202.0,760.0,910.0
Serotonin 5a (5-HT5a) receptor,751.0,502.0,462.0,645.0,762.0,808.0,492.0,124.0,580.0,785.0,28.0
Estrogen-related receptor alpha,530.0,225.0,471.0,892.0,615.0,919.0,74.0,66.0,938.0,497.0,285.0
"Amine oxidase, copper containing",344.0,960.0,122.0,891.0,707.0,990.0,43.0,112.0,842.0,83.0,306.0
Protein kinase C zeta,723.0,149.0,582.0,203.0,359.0,164.0,859.0,858.0,173.0,782.0,549.0
Melanin-concentrating hormone receptor 1,663.0,674.0,618.0,304.0,763.0,50.0,936.0,619.0,29.0,454.0,79.0
Caspase-7,400.0,627.0,574.0,302.0,684.0,793.0,113.0,374.0,922.0,914.0,706.0
C-C chemokine receptor type 3,302.0,586.0,112.0,415.0,331.0,545.0,125.0,437.0,724.0,378.0,865.0
Phospholipase A2 group IIA,558.0,372.0,660.0,409.0,63.0,608.0,542.0,899.0,940.0,174.0,847.0
Plasminogen activator inhibitor-1,589.0,631.0,250.0,251.0,654.0,225.0,860.0,830.0,145.0,340.0,412.0
Inhibitor of nuclear factor kappa B kinase alpha subunit,133.0,694.0,619.0,615.0,961.0,284.0,607.0,476.0,12.0,693.0,300.0
Proteasome Macropain subunit,636.0,636.0,98.0,760.0,835.0,767.0,371.0,127.0,505.0,276.0,218.0
Carbonic anhydrase XIV,679.0,646.0,791.0,276.0,479.0,145.0,873.0,764.0,127.0,426.0,406.0
LDL-associated phospholipase A2,895.0,24.0,965.0,287.0,58.0,167.0,895.0,954.0,425.0,990.0,544.0
Cytochrome P450 17A1,190.0,468.0,686.0,738.0,671.0,314.0,663.0,317.0,379.0,163.0,794.0
Histone deacetylase 4,179.0,224.0,64.0,940.0,464.0,975.0,8.0,28.0,998.0,246.0,675.0
Inhibitor of nuclear factor kappa B kinase epsilon subunit,271.0,622.0,388.0,463.0,390.0,895.0,394.0,260.0,528.0,189.0,269.0
Phosphodiesterase 9A,748.0,737.0,726.0,251.0,254.0,262.0,637.0,780.0,176.0,40.0,579.0
Tyrosine-protein kinase TYK2,579.0,891.0,553.0,171.0,963.0,50.0,927.0,731.0,35.0,819.0,257.0
Steryl-sulfatase,343.0,853.0,452.0,484.0,381.0,453.0,605.0,628.0,366.0,355.0,755.0
"Nitric-oxide synthase, brain",550.0,209.0,447.0,820.0,124.0,989.0,22.0,68.0,998.0,288.0,620.0
Cholesteryl ester transfer protein,807.0,656.0,178.0,431.0,825.0,815.0,197.0,71.0,804.0,731.0,195.0
Protein kinase C epsilon,722.0,929.0,561.0,567.0,852.0,355.0,628.0,220.0,293.0,202.0,261.0
Dual specificity mitogen-activated protein kinase kinase 1,245.0,283.0,346.0,445.0,66.0,524.0,701.0,978.0,316.0,611.0,771.0
Adenosine kinase,757.0,548.0,689.0,611.0,669.0,42.0,797.0,353.0,98.0,885.0,362.0
Hormone sensitive lipase,42.0,51.0,684.0,411.0,36.0,929.0,190.0,975.0,931.0,441.0,990.0
Carbonic anhydrase IX,557.0,70.0,368.0,657.0,85.0,469.0,593.0,173.0,935.0,642.0,66.0
Protein kinase C eta,377.0,177.0,633.0,821.0,816.0,68.0,930.0,311.0,46.0,517.0,432.0
Cytochrome P450 2C19,458.0,977.0,85.0,239.0,772.0,980.0,66.0,549.0,870.0,294.0,178.0
Quinone reductase 1),383.0,702.0,669.0,122.0,608.0,833.0,192.0,361.0,821.0,918.0,811.0
Casein kinase II alpha,732.0,416.0,510.0,618.0,537.0,620.0,318.0,651.0,490.0,192.0,363.0
Opioid growth factor receptor-like protein 1,729.0,431.0,893.0,393.0,330.0,49.0,922.0,768.0,56.0,821.0,112.0
Kininogen-1,606.0,841.0,391.0,210.0,360.0,284.0,198.0,840.0,290.0,422.0,736.0
Acetyl-coenzyme A transporter 1,615.0,153.0,460.0,925.0,691.0,470.0,490.0,36.0,781.0,564.0,550.0
Fibroblast growth factor receptor 1,198.0,702.0,491.0,125.0,246.0,102.0,887.0,968.0,190.0,78.0,927.0
PI4-kinase alpha subunit,88.0,134.0,572.0,555.0,885.0,737.0,530.0,580.0,95.0,507.0,625.0
Arachidonate 12-lipoxygenase,618.0,772.0,191.0,626.0,738.0,935.0,176.0,163.0,445.0,763.0,210.0
Autotaxin,732.0,498.0,411.0,900.0,377.0,970.0,143.0,151.0,970.0,246.0,526.0
ADAM17,919.0,99.0,976.0,751.0,18.0,636.0,233.0,340.0,992.0,895.0,808.0
Prostanoid EP3 receptor,574.0,930.0,237.0,505.0,854.0,895.0,98.0,212.0,798.0,299.0,113.0
Hepatocyte growth factor receptor,172.0,643.0,100.0,147.0,910.0,671.0,659.0,417.0,160.0,607.0,449.0
Carbonic anhydrase IV,456.0,459.0,706.0,326.0,19.0,123.0,868.0,943.0,295.0,140.0,830.0
11-beta-hydroxysteroid dehydrogenase 2,690.0,699.0,359.0,279.0,885.0,77.0,701.0,700.0,250.0,707.0,228.0
Histamine H4 receptor,472.0,601.0,194.0,388.0,885.0,542.0,853.0,138.0,399.0,244.0,222.0
Beta-glucosidase,667.0,929.0,493.0,690.0,959.0,569.0,240.0,418.0,36.0,330.0,92.0
Urotensin II receptor,273.0,310.0,277.0,448.0,876.0,953.0,51.0,34.0,825.0,957.0,230.0
Metabotropic glutamate receptor 1,381.0,54.0,590.0,456.0,77.0,359.0,441.0,699.0,592.0,800.0,859.0
Dual specificity phosphatase Cdc25A,329.0,164.0,221.0,790.0,985.0,863.0,266.0,52.0,502.0,896.0,126.0
Caspase-8,360.0,442.0,853.0,697.0,116.0,9.0,937.0,425.0,186.0,340.0,856.0
Interleukin-1 receptor-associated kinase 4,952.0,893.0,615.0,274.0,38.0,102.0,792.0,961.0,398.0,292.0,365.0
Histone acetyltransferase p300,667.0,229.0,879.0,565.0,454.0,23.0,992.0,847.0,116.0,486.0,572.0
Hydroxycarboxylic acid receptor 2,77.0,770.0,111.0,131.0,689.0,881.0,160.0,844.0,442.0,436.0,683.0
Serine/threonine-protein kinase PLK4,272.0,197.0,107.0,424.0,928.0,918.0,157.0,97.0,523.0,790.0,152.0
Melanocortin receptor 1,592.0,480.0,545.0,599.0,293.0,815.0,252.0,263.0,889.0,405.0,299.0
Calcitonin gene-related peptide type 1 receptor,395.0,305.0,581.0,742.0,100.0,792.0,463.0,637.0,807.0,96.0,851.0
T-cell protein-tyrosine phosphatase,525.0,80.0,878.0,316.0,88.0,16.0,964.0,954.0,241.0,448.0,852.0
Cytosolic phospholipase A2,800.0,272.0,837.0,699.0,603.0,40.0,822.0,141.0,69.0,963.0,265.0
Hexokinase type IV,556.0,791.0,584.0,192.0,282.0,150.0,865.0,912.0,141.0,598.0,550.0
Serine/threonine-protein kinase NEK2,275.0,796.0,122.0,665.0,881.0,963.0,46.0,331.0,935.0,299.0,239.0
LIM domain kinase 1,442.0,938.0,546.0,744.0,378.0,782.0,167.0,578.0,919.0,30.0,904.0
Cathepsin L,451.0,904.0,366.0,155.0,145.0,985.0,14.0,637.0,983.0,296.0,706.0
Protein kinase C mu,495.0,262.0,599.0,591.0,939.0,787.0,623.0,273.0,330.0,852.0,234.0
Protein-tyrosine phosphatase 2C,568.0,270.0,337.0,856.0,171.0,589.0,442.0,93.0,846.0,419.0,244.0
Matrix metalloproteinase 14,805.0,119.0,428.0,357.0,137.0,49.0,712.0,722.0,311.0,269.0,612.0
Heat shock protein HSP 90-alpha,461.0,270.0,823.0,807.0,880.0,35.0,869.0,379.0,25.0,539.0,788.0
Sodium/glucose cotransporter 2,525.0,497.0,629.0,281.0,395.0,190.0,690.0,801.0,278.0,748.0,406.0
Calpain 1,721.0,15.0,928.0,207.0,479.0,7.0,984.0,467.0,164.0,997.0,500.0
Sphingosine 1-phosphate receptor Edg-3,501.0,957.0,268.0,525.0,395.0,990.0,64.0,526.0,910.0,152.0,396.0
Bone morphogenetic protein 1,210.0,383.0,395.0,632.0,418.0,813.0,583.0,590.0,472.0,100.0,602.0
Glutathione S-transferase Pi,453.0,902.0,234.0,378.0,923.0,447.0,473.0,512.0,67.0,727.0,332.0
Tyrosine-protein kinase Lyn,292.0,234.0,388.0,869.0,810.0,726.0,396.0,280.0,567.0,673.0,396.0
Ribosomal protein S6 kinase alpha 2,508.0,969.0,41.0,655.0,772.0,994.0,5.0,100.0,983.0,22.0,345.0
Carbonic anhydrase XIII,555.0,144.0,852.0,610.0,148.0,96.0,866.0,737.0,165.0,724.0,740.0
Complement C1s,774.0,638.0,400.0,352.0,18.0,968.0,97.0,832.0,989.0,553.0,483.0
Protein kinase C theta,537.0,559.0,975.0,241.0,85.0,8.0,891.0,920.0,214.0,350.0,934.0
Heparanase,157.0,516.0,356.0,89.0,983.0,75.0,748.0,349.0,52.0,634.0,509.0
Methionine aminopeptidase 2,525.0,323.0,832.0,177.0,116.0,66.0,913.0,783.0,367.0,825.0,892.0
Serine/threonine-protein kinase Aurora-C,839.0,673.0,161.0,873.0,931.0,697.0,382.0,119.0,305.0,420.0,46.0
Quinone reductase 2,367.0,635.0,332.0,592.0,579.0,755.0,420.0,662.0,575.0,84.0,523.0
MAP kinase p38 beta,201.0,212.0,367.0,819.0,589.0,755.0,421.0,247.0,500.0,187.0,491.0
Carbonic anhydrase VB,545.0,330.0,410.0,51.0,270.0,927.0,361.0,776.0,576.0,823.0,416.0
GAR transformylase,647.0,574.0,722.0,797.0,611.0,110.0,651.0,232.0,427.0,768.0,462.0
Proteinase-activated receptor 1,304.0,990.0,347.0,473.0,971.0,540.0,805.0,498.0,102.0,338.0,594.0
"Fructose-1,6-bisphosphatase",655.0,163.0,693.0,638.0,151.0,449.0,276.0,706.0,552.0,485.0,686.0
Dipeptidyl peptidase II,510.0,759.0,37.0,748.0,802.0,981.0,10.0,62.0,973.0,101.0,268.0
Peroxisome proliferator-activated receptor delta,273.0,188.0,440.0,575.0,110.0,136.0,842.0,771.0,784.0,818.0,721.0
Serine/threonine-protein kinase 10,683.0,101.0,694.0,566.0,457.0,81.0,905.0,221.0,153.0,525.0,125.0
Dual specificity protein kinase TTK,620.0,210.0,959.0,332.0,130.0,56.0,789.0,863.0,85.0,875.0,886.0
Coagulation factor VII,602.0,479.0,151.0,772.0,925.0,876.0,335.0,58.0,902.0,414.0,139.0
PI3-kinase p110-alpha subunit,332.0,901.0,286.0,314.0,801.0,934.0,36.0,556.0,488.0,332.0,342.0
Tyrosine-protein kinase ABL2,685.0,388.0,275.0,264.0,383.0,927.0,218.0,552.0,807.0,877.0,445.0
C-C chemokine receptor type 2,605.0,920.0,707.0,639.0,127.0,341.0,468.0,897.0,749.0,8.0,798.0
"Glutamate receptor ionotropic, AMPA 2",300.0,688.0,177.0,657.0,871.0,846.0,153.0,42.0,729.0,564.0,462.0
Neuropeptide Y receptor type 2,172.0,87.0,722.0,380.0,57.0,234.0,869.0,952.0,608.0,796.0,815.0
HMG-CoA reductase,184.0,631.0,363.0,424.0,779.0,429.0,684.0,859.0,169.0,160.0,643.0
Signal transducer and activator of transcription 3,925.0,910.0,763.0,537.0,451.0,305.0,678.0,505.0,209.0,286.0,188.0
Interleukin-8 receptor A,595.0,718.0,98.0,532.0,369.0,784.0,433.0,159.0,723.0,56.0,422.0
Cyclin-dependent kinase 5,864.0,266.0,936.0,636.0,694.0,42.0,893.0,260.0,4.0,930.0,243.0
MAP kinase ERK2,236.0,89.0,591.0,699.0,141.0,658.0,216.0,533.0,961.0,867.0,781.0
Cystic fibrosis transmembrane conductance regulator,516.0,943.0,371.0,118.0,463.0,590.0,564.0,796.0,575.0,408.0,390.0
Chymase,552.0,70.0,823.0,362.0,595.0,33.0,875.0,633.0,150.0,843.0,626.0
Casein kinase II alpha (prime),681.0,362.0,154.0,576.0,457.0,938.0,312.0,118.0,926.0,555.0,116.0
Cathepsin B,677.0,896.0,491.0,561.0,544.0,870.0,190.0,676.0,724.0,254.0,717.0
Matrix metalloproteinase 7,619.0,774.0,719.0,491.0,423.0,141.0,691.0,594.0,288.0,723.0,432.0
Bombesin receptor subtype-3,406.0,257.0,508.0,571.0,133.0,425.0,577.0,607.0,758.0,551.0,652.0
LXR-beta,329.0,576.0,212.0,375.0,932.0,684.0,145.0,176.0,287.0,193.0,166.0
Neurotensin receptor 1,307.0,572.0,525.0,453.0,780.0,427.0,533.0,445.0,419.0,647.0,579.0
Tyrosine-protein kinase TIE-2,749.0,870.0,782.0,439.0,761.0,192.0,859.0,428.0,56.0,174.0,501.0
Fibroblast growth factor receptor 2,204.0,18.0,341.0,922.0,512.0,877.0,390.0,306.0,670.0,749.0,834.0
Histone deacetylase 9,520.0,870.0,192.0,319.0,539.0,323.0,628.0,310.0,421.0,639.0,24.0
Fatty acid synthase,819.0,481.0,862.0,156.0,140.0,406.0,684.0,927.0,464.0,859.0,744.0
c-Jun N-terminal kinase 2,540.0,295.0,625.0,349.0,183.0,35.0,863.0,637.0,397.0,755.0,826.0
Sodium channel protein type II alpha subunit,377.0,224.0,791.0,651.0,260.0,454.0,600.0,307.0,852.0,868.0,799.0
Monoglyceride lipase,548.0,880.0,217.0,694.0,891.0,938.0,59.0,389.0,778.0,66.0,278.0
Inhibitor of apoptosis protein 3,351.0,231.0,198.0,515.0,779.0,987.0,21.0,201.0,966.0,461.0,478.0
Serine/threonine-protein kinase 2,240.0,39.0,83.0,901.0,650.0,812.0,232.0,24.0,907.0,706.0,174.0
Dual specificity protein kinase CLK4,470.0,884.0,681.0,52.0,383.0,510.0,332.0,992.0,56.0,258.0,823.0
MAP kinase signal-integrating kinase 2,891.0,532.0,417.0,832.0,941.0,158.0,926.0,75.0,40.0,190.0,46.0
Proteasome component C5,176.0,816.0,940.0,455.0,361.0,576.0,789.0,835.0,388.0,681.0,805.0
Tyrosine-protein kinase FRK,629.0,984.0,443.0,201.0,543.0,282.0,424.0,729.0,535.0,66.0,831.0
Dual specificty protein kinase CLK1,680.0,35.0,564.0,947.0,17.0,511.0,718.0,300.0,961.0,751.0,498.0
Dual specificity protein kinase CLK2,579.0,100.0,552.0,328.0,880.0,238.0,598.0,210.0,77.0,854.0,150.0
Lipoxin A4 receptor,587.0,889.0,585.0,164.0,230.0,514.0,542.0,879.0,374.0,620.0,382.0
Estradiol 17-beta-dehydrogenase 3,805.0,321.0,804.0,770.0,381.0,56.0,770.0,565.0,148.0,542.0,780.0
11-beta-hydroxysteroid dehydrogenase 1,307.0,281.0,286.0,482.0,764.0,662.0,366.0,560.0,433.0,23.0,860.0
Ribosomal protein S6 kinase alpha 5,187.0,791.0,444.0,710.0,822.0,961.0,67.0,222.0,896.0,244.0,428.0
ALK tyrosine kinase receptor,475.0,660.0,495.0,156.0,34.0,765.0,513.0,993.0,298.0,595.0,480.0
Hypoxia-inducible factor 1 alpha,484.0,111.0,836.0,532.0,616.0,10.0,982.0,561.0,24.0,886.0,366.0
TGF-beta receptor type II,779.0,881.0,505.0,469.0,378.0,366.0,590.0,367.0,917.0,313.0,162.0
Serine/threonine-protein kinase AKT,485.0,882.0,250.0,573.0,736.0,395.0,723.0,332.0,197.0,74.0,233.0
Sodium channel protein type IX alpha subunit,304.0,517.0,153.0,336.0,925.0,967.0,56.0,415.0,260.0,671.0,642.0
P-glycoprotein 1,358.0,166.0,45.0,614.0,109.0,919.0,80.0,148.0,980.0,934.0,33.0
Heat shock protein HSP 90-beta,667.0,186.0,637.0,500.0,625.0,488.0,703.0,181.0,670.0,697.0,535.0
Calcium-activated potassium channel subunit alpha-1,624.0,530.0,387.0,485.0,569.0,223.0,463.0,248.0,366.0,231.0,784.0
Intermediate conductance calcium-activated potassium channel protein 4,317.0,793.0,586.0,635.0,330.0,757.0,419.0,566.0,782.0,53.0,794.0
Voltage-gated potassium channel subunit Kv1.5,484.0,372.0,420.0,154.0,393.0,481.0,354.0,780.0,491.0,867.0,577.0
Bradykinin B1 receptor,662.0,433.0,700.0,369.0,926.0,162.0,719.0,338.0,106.0,956.0,399.0
Purinergic receptor P2Y1,262.0,782.0,479.0,876.0,611.0,918.0,106.0,620.0,618.0,137.0,762.0
Sphingosine 1-phosphate receptor Edg-1,806.0,400.0,745.0,326.0,109.0,69.0,965.0,694.0,211.0,723.0,367.0
Purine nucleoside phosphorylase,683.0,605.0,446.0,692.0,807.0,456.0,267.0,60.0,916.0,321.0,241.0
Serine/threonine-protein kinase GAK,334.0,41.0,658.0,750.0,186.0,792.0,129.0,795.0,738.0,570.0,695.0
Induced myeloid leukemia cell differentiation protein Mcl-1,607.0,193.0,954.0,351.0,6.0,7.0,985.0,943.0,82.0,739.0,711.0
Dual-specificity tyrosine-phosphorylation regulated kinase 2,196.0,181.0,281.0,662.0,389.0,394.0,508.0,113.0,971.0,805.0,766.0
Gastric inhibitory polypeptide receptor,549.0,987.0,158.0,224.0,915.0,453.0,478.0,648.0,406.0,896.0,334.0
Matrix metalloproteinase 12,927.0,414.0,435.0,475.0,876.0,580.0,614.0,261.0,43.0,364.0,94.0
Sphingosine kinase 1,118.0,64.0,440.0,589.0,537.0,130.0,738.0,385.0,427.0,967.0,408.0
Phosphodiesterase 8B,202.0,966.0,243.0,291.0,696.0,872.0,215.0,688.0,283.0,68.0,755.0
Phosphodiesterase 10A,425.0,98.0,206.0,843.0,379.0,943.0,97.0,52.0,991.0,701.0,609.0
Free fatty acid receptor 1,251.0,219.0,677.0,763.0,850.0,171.0,897.0,191.0,98.0,96.0,654.0
Prostanoid DP receptor,538.0,736.0,492.0,577.0,58.0,961.0,92.0,803.0,884.0,238.0,232.0
Neurokinin 3 receptor,739.0,257.0,640.0,178.0,767.0,34.0,946.0,538.0,62.0,531.0,392.0
TGF-beta receptor type I,67.0,886.0,348.0,458.0,438.0,934.0,117.0,898.0,162.0,624.0,694.0
C-X-C chemokine receptor type 3,874.0,975.0,731.0,249.0,676.0,596.0,180.0,618.0,663.0,513.0,584.0
Vitamin K-dependent protein C,520.0,41.0,601.0,621.0,27.0,83.0,724.0,429.0,765.0,609.0,681.0
Tyrosine-protein kinase FGR,668.0,362.0,648.0,567.0,656.0,242.0,780.0,887.0,91.0,620.0,636.0
NAD-dependent deacetylase sirtuin 3,284.0,239.0,25.0,877.0,950.0,379.0,510.0,15.0,538.0,401.0,49.0
NAD-dependent deacetylase sirtuin 2,678.0,931.0,319.0,244.0,760.0,799.0,190.0,244.0,539.0,624.0,131.0
Acyl coenzyme A:cholesterol acyltransferase 2,232.0,760.0,309.0,247.0,714.0,990.0,118.0,866.0,704.0,127.0,581.0
Voltage-gated N-type calcium channel alpha-1B subunit,388.0,221.0,352.0,243.0,772.0,236.0,426.0,161.0,858.0,992.0,161.0
"Nitric oxide synthase, inducible",752.0,492.0,846.0,415.0,77.0,153.0,785.0,853.0,158.0,334.0,875.0
Serine/threonine-protein kinase PAK 4,766.0,992.0,415.0,178.0,905.0,913.0,39.0,848.0,260.0,138.0,399.0
Ribosomal protein S6 kinase 1,700.0,161.0,895.0,958.0,635.0,93.0,972.0,275.0,178.0,204.0,658.0
NAD-dependent deacetylase sirtuin 1,377.0,175.0,361.0,647.0,17.0,676.0,213.0,681.0,993.0,212.0,830.0
Glutaminyl-peptide cyclotransferase,113.0,231.0,459.0,448.0,313.0,743.0,456.0,350.0,897.0,846.0,723.0
Serine/threonine-protein kinase PIM2,628.0,195.0,196.0,562.0,975.0,371.0,469.0,18.0,477.0,442.0,289.0
TRAF2- and NCK-interacting kinase,580.0,376.0,818.0,210.0,13.0,276.0,655.0,993.0,528.0,444.0,865.0
Coagulation factor XIII,422.0,664.0,680.0,817.0,764.0,301.0,728.0,429.0,74.0,528.0,271.0
5-lipoxygenase activating protein,644.0,718.0,360.0,156.0,159.0,732.0,262.0,816.0,752.0,165.0,415.0
Neuropeptide Y receptor type 5,138.0,394.0,444.0,287.0,694.0,793.0,318.0,755.0,331.0,768.0,521.0
Kinesin-like protein 1,777.0,61.0,590.0,791.0,290.0,70.0,917.0,199.0,794.0,588.0,149.0
Matrix metalloproteinase 8,768.0,873.0,431.0,222.0,764.0,599.0,731.0,329.0,270.0,154.0,308.0
C-C chemokine receptor type 8,448.0,433.0,514.0,812.0,224.0,629.0,169.0,309.0,755.0,311.0,915.0
Tyrosine kinase non-receptor protein 2,504.0,959.0,458.0,588.0,873.0,676.0,343.0,519.0,407.0,878.0,440.0
Serine/threonine-protein kinase PAK 1,251.0,446.0,329.0,433.0,296.0,902.0,115.0,688.0,918.0,721.0,518.0
Tyrosine-protein kinase BRK,712.0,307.0,666.0,645.0,470.0,126.0,725.0,724.0,159.0,397.0,445.0
Melanocortin receptor 5,605.0,26.0,735.0,456.0,180.0,97.0,934.0,495.0,130.0,651.0,493.0
Ghrelin receptor,357.0,677.0,492.0,279.0,747.0,898.0,187.0,457.0,774.0,422.0,663.0
Phenylethanolamine N-methyltransferase,83.0,291.0,161.0,783.0,521.0,952.0,199.0,203.0,872.0,549.0,336.0
Leukotriene A4 hydrolase,569.0,967.0,345.0,118.0,456.0,151.0,635.0,903.0,297.0,679.0,376.0
Apoptosis regulator Bcl-X,484.0,828.0,313.0,523.0,903.0,997.0,20.0,208.0,700.0,400.0,258.0
Serine/threonine-protein kinase Chk1,454.0,574.0,579.0,442.0,598.0,30.0,819.0,740.0,312.0,151.0,806.0
Voltage-gated potassium channel subunit Kv1.3,213.0,64.0,135.0,894.0,40.0,617.0,775.0,255.0,781.0,746.0,100.0
Voltage-gated T-type calcium channel alpha-1G subunit,611.0,534.0,614.0,462.0,782.0,659.0,376.0,258.0,306.0,591.0,560.0
Melanocortin receptor 3,806.0,825.0,832.0,192.0,137.0,349.0,295.0,850.0,322.0,349.0,793.0
Dipeptidyl peptidase VIII,673.0,168.0,612.0,873.0,680.0,666.0,532.0,75.0,875.0,346.0,336.0
Lymphocyte differentiation antigen CD38,822.0,183.0,420.0,795.0,842.0,579.0,286.0,51.0,781.0,716.0,290.0
Proteasome Macropain subunit MB1,340.0,627.0,182.0,282.0,505.0,176.0,713.0,567.0,580.0,631.0,364.0
Apoptosis regulator Bcl-W,712.0,425.0,859.0,496.0,200.0,108.0,618.0,757.0,224.0,448.0,893.0
Aldo-keto-reductase family 1 member C3,377.0,276.0,787.0,200.0,88.0,105.0,908.0,976.0,79.0,870.0,625.0
Fibroblast activation protein alpha,624.0,798.0,807.0,503.0,831.0,287.0,847.0,651.0,86.0,276.0,622.0
"Indoleamine 2,3-dioxygenase",670.0,6.0,762.0,916.0,721.0,286.0,623.0,30.0,715.0,168.0,815.0
Malonyl-CoA decarboxylase,417.0,819.0,653.0,398.0,248.0,138.0,788.0,842.0,305.0,404.0,521.0
Isoprenylcysteine carboxyl methyltransferase,660.0,381.0,867.0,644.0,132.0,268.0,644.0,408.0,466.0,673.0,742.0
Serine/threonine-protein kinase Aurora-A,201.0,389.0,25.0,626.0,822.0,991.0,45.0,132.0,976.0,305.0,181.0
C3a anaphylatoxin chemotactic receptor,481.0,869.0,304.0,97.0,316.0,932.0,294.0,903.0,862.0,836.0,602.0
Vesicular acetylcholine transporter,330.0,921.0,746.0,451.0,781.0,546.0,417.0,639.0,132.0,423.0,262.0
Geranylgeranyl pyrophosphate synthetase,883.0,831.0,641.0,670.0,594.0,312.0,285.0,394.0,316.0,35.0,560.0
Neuropeptide Y receptor type 1,473.0,98.0,441.0,568.0,687.0,117.0,891.0,304.0,230.0,826.0,175.0
Carbonic anhydrase VA,368.0,654.0,504.0,519.0,191.0,245.0,853.0,909.0,153.0,283.0,620.0
Endothelin-converting enzyme 1,629.0,162.0,126.0,663.0,841.0,924.0,65.0,10.0,949.0,796.0,132.0
Orexin receptor 2,162.0,790.0,584.0,294.0,111.0,255.0,542.0,947.0,557.0,417.0,950.0
Dipeptidyl peptidase IX,463.0,732.0,598.0,454.0,789.0,951.0,175.0,422.0,861.0,828.0,767.0
Vanilloid receptor,724.0,398.0,577.0,429.0,405.0,256.0,807.0,676.0,68.0,165.0,267.0
Caspase-1,669.0,162.0,447.0,392.0,286.0,85.0,605.0,478.0,860.0,268.0,497.0
"Nitric-oxide synthase, endothelial",304.0,902.0,754.0,608.0,920.0,319.0,730.0,640.0,60.0,315.0,462.0
Dual specificity phosphatase Cdc25B,718.0,743.0,760.0,561.0,466.0,382.0,603.0,649.0,373.0,547.0,495.0
P2X purinoceptor 7,105.0,208.0,857.0,459.0,9.0,410.0,599.0,970.0,826.0,169.0,971.0
Serine/threonine-protein kinase AKT3,765.0,443.0,574.0,430.0,427.0,403.0,779.0,564.0,149.0,579.0,343.0
Beta-secretase 1,671.0,581.0,36.0,683.0,891.0,913.0,23.0,28.0,739.0,782.0,88.0
Acetyl-CoA carboxylase 2,590.0,753.0,508.0,378.0,525.0,377.0,682.0,334.0,496.0,775.0,460.0
L-lactate dehydrogenase A chain,178.0,360.0,250.0,863.0,931.0,834.0,302.0,22.0,902.0,61.0,319.0
C-X3-C chemokine receptor 1,486.0,563.0,488.0,301.0,760.0,888.0,175.0,590.0,132.0,561.0,534.0
Eukaryotic translation initation factor,919.0,993.0,674.0,453.0,352.0,760.0,371.0,742.0,916.0,161.0,256.0
Apoptosis regulator Bcl-2,513.0,499.0,760.0,197.0,473.0,77.0,727.0,829.0,67.0,805.0,362.0
Cytochrome P450 1B1,294.0,14.0,609.0,494.0,680.0,397.0,539.0,254.0,359.0,941.0,661.0
Tyrosine-protein kinase receptor UFO,398.0,157.0,521.0,650.0,451.0,171.0,869.0,524.0,106.0,514.0,572.0
Neurotrophic tyrosine kinase receptor type 2,512.0,463.0,195.0,587.0,523.0,470.0,694.0,55.0,934.0,835.0,227.0
Mitogen-activated protein kinase kinase kinase 8,403.0,244.0,346.0,538.0,500.0,702.0,353.0,622.0,554.0,800.0,794.0
Low molecular weight phosphotyrosine protein phosphatase,609.0,203.0,104.0,697.0,625.0,545.0,332.0,236.0,336.0,433.0,266.0
Casein kinase I epsilon,336.0,849.0,659.0,857.0,105.0,886.0,124.0,264.0,990.0,52.0,891.0
L-lactate dehydrogenase B chain,686.0,938.0,726.0,237.0,822.0,492.0,364.0,829.0,49.0,348.0,610.0
S-methyl-5-thioadenosine phosphorylase,555.0,857.0,758.0,532.0,436.0,642.0,391.0,845.0,257.0,73.0,185.0
Proto-oncogene c-JUN,710.0,648.0,224.0,658.0,340.0,533.0,541.0,166.0,833.0,417.0,297.0
Sodium/glucose cotransporter 1,457.0,140.0,729.0,499.0,364.0,221.0,545.0,678.0,416.0,597.0,820.0
Transketolase,591.0,937.0,431.0,78.0,316.0,731.0,421.0,787.0,746.0,341.0,346.0
Serine/threonine-protein kinase RIPK2,161.0,395.0,458.0,453.0,599.0,229.0,952.0,734.0,118.0,521.0,860.0
p53-binding protein Mdm-2,515.0,259.0,696.0,464.0,179.0,564.0,482.0,972.0,234.0,766.0,837.0
Serine-protein kinase ATR,692.0,676.0,703.0,513.0,897.0,261.0,456.0,740.0,65.0,531.0,226.0
ADAM10,235.0,255.0,280.0,125.0,711.0,699.0,293.0,108.0,751.0,655.0,439.0
Endoplasmic reticulum aminopeptidase 2,643.0,44.0,681.0,784.0,96.0,835.0,550.0,26.0,996.0,810.0,422.0
G protein-coupled receptor 44,609.0,810.0,575.0,812.0,413.0,522.0,599.0,719.0,144.0,300.0,414.0
Endothelial lipase,215.0,882.0,195.0,322.0,930.0,806.0,384.0,740.0,53.0,184.0,324.0
Histone deacetylase 10,773.0,196.0,913.0,77.0,150.0,46.0,795.0,870.0,536.0,893.0,855.0
GABA receptor alpha-5 subunit,447.0,755.0,100.0,864.0,543.0,861.0,60.0,73.0,968.0,164.0,297.0
Orexin receptor 1,675.0,683.0,354.0,488.0,786.0,785.0,355.0,361.0,812.0,828.0,133.0
Discoidin domain-containing receptor 2,325.0,381.0,899.0,369.0,196.0,363.0,771.0,946.0,302.0,406.0,858.0
Metabotropic glutamate receptor 2,344.0,426.0,462.0,820.0,472.0,137.0,837.0,271.0,174.0,311.0,127.0
Cytochrome P450 26A1,557.0,394.0,140.0,290.0,787.0,787.0,198.0,64.0,826.0,631.0,401.0
Serine/threonine-protein kinase B-raf,785.0,164.0,351.0,953.0,428.0,561.0,172.0,41.0,962.0,735.0,524.0
Ephrin type-B receptor 4,388.0,732.0,459.0,588.0,522.0,845.0,585.0,692.0,309.0,227.0,714.0
Neuropilin-1,193.0,250.0,875.0,123.0,28.0,66.0,853.0,964.0,149.0,725.0,853.0
dUTP pyrophosphatase,303.0,52.0,579.0,503.0,381.0,85.0,960.0,624.0,421.0,747.0,271.0
Serine/threonine-protein kinase ILK-1,742.0,690.0,810.0,533.0,685.0,192.0,594.0,417.0,332.0,284.0,432.0
Tyrosine-protein kinase BTK,618.0,974.0,367.0,246.0,950.0,915.0,35.0,573.0,366.0,149.0,307.0
Serine/threonine-protein kinase TNNI3K,106.0,937.0,83.0,569.0,656.0,945.0,88.0,371.0,521.0,136.0,722.0
Cytochrome P450 2A6,478.0,12.0,428.0,440.0,89.0,32.0,899.0,630.0,418.0,975.0,665.0
Mitogen-activated protein kinase kinase kinase 5,555.0,554.0,594.0,434.0,911.0,355.0,234.0,166.0,434.0,571.0,510.0
Tyrosine-protein kinase receptor TYRO3,870.0,512.0,724.0,32.0,215.0,287.0,709.0,848.0,256.0,875.0,298.0
Epithelial discoidin domain-containing receptor 1,571.0,652.0,384.0,905.0,589.0,788.0,240.0,78.0,889.0,176.0,637.0
Proto-oncogene tyrosine-protein kinase MER,459.0,329.0,372.0,419.0,415.0,428.0,812.0,836.0,120.0,713.0,388.0
Baculoviral IAP repeat-containing protein 3,852.0,63.0,322.0,921.0,761.0,426.0,902.0,7.0,446.0,860.0,36.0
Poly [ADP-ribose] polymerase 2,548.0,853.0,777.0,388.0,391.0,357.0,603.0,889.0,453.0,717.0,231.0
P-selectin,202.0,476.0,442.0,784.0,878.0,924.0,305.0,560.0,321.0,50.0,541.0
ATP-binding cassette sub-family G member 2,311.0,64.0,980.0,486.0,50.0,112.0,784.0,861.0,453.0,553.0,982.0
Pituitary adenylate cyclase-activating polypeptide type I receptor,451.0,926.0,318.0,530.0,430.0,386.0,364.0,437.0,649.0,500.0,502.0
Serine/threonine-protein kinase PIM3,678.0,888.0,561.0,45.0,462.0,342.0,339.0,933.0,517.0,594.0,880.0
G-protein coupled bile acid receptor 1,209.0,89.0,692.0,348.0,513.0,98.0,872.0,785.0,42.0,865.0,615.0
Metastin receptor,428.0,479.0,33.0,381.0,526.0,995.0,9.0,57.0,978.0,147.0,104.0
Cell division cycle 7-related protein kinase,717.0,391.0,898.0,139.0,16.0,186.0,829.0,987.0,284.0,88.0,878.0
Sodium channel protein type X alpha subunit,541.0,908.0,497.0,726.0,886.0,557.0,460.0,298.0,731.0,330.0,548.0
Baculoviral IAP repeat-containing protein 2,411.0,365.0,96.0,936.0,682.0,937.0,137.0,6.0,655.0,737.0,551.0
Receptor-interacting serine/threonine-protein kinase 1,360.0,111.0,714.0,257.0,343.0,88.0,556.0,884.0,366.0,952.0,186.0
Protein tyrosine kinase 2 beta,848.0,45.0,804.0,778.0,942.0,70.0,803.0,45.0,294.0,957.0,216.0
Perforin-1,197.0,974.0,564.0,745.0,558.0,296.0,632.0,615.0,872.0,113.0,833.0
D-amino-acid oxidase,288.0,544.0,337.0,247.0,977.0,225.0,894.0,630.0,12.0,661.0,275.0
Serine/threonine-protein kinase WEE1,683.0,895.0,404.0,536.0,494.0,738.0,268.0,530.0,530.0,114.0,598.0
Histone acetyltransferase PCAF,769.0,119.0,472.0,643.0,22.0,244.0,766.0,195.0,852.0,846.0,251.0
Secreted frizzled-related protein 1,728.0,198.0,173.0,869.0,439.0,705.0,381.0,59.0,951.0,127.0,305.0
Transient receptor potential cation channel subfamily V member 3,207.0,310.0,321.0,503.0,935.0,860.0,278.0,383.0,73.0,908.0,137.0
Protein-arginine N-methyltransferase 1,649.0,953.0,842.0,233.0,291.0,551.0,331.0,976.0,355.0,131.0,803.0
Nuclear factor NF-kappa-B p65 subunit,303.0,967.0,434.0,212.0,77.0,874.0,107.0,953.0,968.0,81.0,899.0
Dual specificity tyrosine-phosphorylation-regulated kinase 1B,475.0,538.0,895.0,317.0,812.0,29.0,988.0,950.0,10.0,700.0,643.0
Acyl-CoA desaturase,466.0,144.0,651.0,424.0,634.0,873.0,341.0,97.0,604.0,840.0,550.0
Proto-oncogene tyrosine-protein kinase ROS,689.0,540.0,743.0,456.0,558.0,140.0,689.0,507.0,631.0,824.0,507.0
Lysyl-tRNA synthetase,513.0,924.0,840.0,286.0,45.0,95.0,745.0,977.0,194.0,152.0,774.0
DNA-(apurinic or apyrimidinic site) lyase,537.0,544.0,52.0,918.0,856.0,990.0,30.0,80.0,798.0,220.0,140.0
Glucose-dependent insulinotropic receptor,247.0,157.0,650.0,683.0,21.0,136.0,952.0,929.0,679.0,391.0,602.0
Prostaglandin E synthase,312.0,371.0,32.0,234.0,991.0,918.0,153.0,51.0,294.0,473.0,197.0
G protein-coupled receptor kinase 5,493.0,144.0,527.0,504.0,539.0,354.0,459.0,147.0,647.0,933.0,476.0
Egl nine homolog 1,556.0,951.0,420.0,859.0,686.0,812.0,197.0,367.0,840.0,46.0,498.0
Elongation of very long chain fatty acids protein 6,599.0,92.0,803.0,413.0,777.0,123.0,740.0,392.0,125.0,402.0,742.0
Glucagon,504.0,92.0,806.0,477.0,370.0,33.0,732.0,438.0,338.0,800.0,696.0
CREB-binding protein,696.0,368.0,747.0,149.0,24.0,797.0,238.0,865.0,935.0,241.0,924.0
Mitogen-activated protein kinase kinase kinase 7,536.0,808.0,486.0,607.0,231.0,129.0,790.0,637.0,331.0,521.0,369.0
"Interferon-induced, double-stranded RNA-activated protein kinase",675.0,146.0,65.0,257.0,975.0,487.0,420.0,23.0,84.0,881.0,30.0
Aldo-keto reductase family 1 member C2,430.0,884.0,660.0,396.0,333.0,889.0,463.0,956.0,92.0,491.0,592.0
Trace amine-associated receptor 1,402.0,943.0,134.0,378.0,478.0,934.0,96.0,380.0,976.0,276.0,540.0
Nuclear receptor ROR-alpha,535.0,617.0,381.0,901.0,691.0,778.0,645.0,124.0,659.0,266.0,233.0
Heat shock factor protein 1,610.0,59.0,680.0,367.0,659.0,99.0,876.0,739.0,135.0,915.0,340.0
Hematopoietic prostaglandin D synthase,152.0,43.0,625.0,700.0,603.0,767.0,134.0,38.0,890.0,276.0,626.0
Aldo-keto reductase family 1 member C1,478.0,931.0,352.0,369.0,324.0,470.0,616.0,832.0,290.0,62.0,391.0
Bifunctional protein NCOAT,628.0,46.0,567.0,490.0,423.0,157.0,848.0,694.0,289.0,794.0,837.0
LIM domain kinase 2,620.0,420.0,866.0,329.0,130.0,243.0,577.0,925.0,489.0,822.0,556.0
Serine/threonine-protein kinase PLK2,518.0,935.0,779.0,492.0,838.0,545.0,680.0,414.0,131.0,360.0,354.0
Neuropeptide FF receptor 1,128.0,507.0,108.0,825.0,660.0,942.0,199.0,495.0,776.0,220.0,624.0
Neuropeptide FF receptor 2,723.0,803.0,584.0,300.0,126.0,56.0,613.0,195.0,826.0,610.0,561.0
IgG receptor FcRn large subunit p51,388.0,355.0,542.0,449.0,965.0,901.0,191.0,240.0,103.0,848.0,365.0
Smoothened homolog,599.0,603.0,733.0,220.0,83.0,160.0,882.0,927.0,65.0,788.0,664.0
Aldo-keto reductase family 1 member B10,798.0,471.0,766.0,573.0,822.0,126.0,887.0,756.0,13.0,203.0,528.0
Serine/threonine-protein kinase 33,261.0,602.0,152.0,318.0,275.0,779.0,183.0,639.0,983.0,672.0,534.0
Transient receptor potential cation channel subfamily A member 1,584.0,728.0,835.0,899.0,525.0,710.0,244.0,77.0,977.0,112.0,744.0
Diacylglycerol O-acyltransferase 1,493.0,20.0,898.0,196.0,25.0,242.0,760.0,962.0,260.0,673.0,745.0
"Histone-lysine N-methyltransferase, H3 lysine-9 specific 3",452.0,97.0,530.0,876.0,496.0,829.0,133.0,60.0,908.0,604.0,202.0
Lysine-specific histone demethylase 1,656.0,937.0,147.0,338.0,284.0,445.0,318.0,675.0,738.0,250.0,335.0
Alpha-synuclein,545.0,905.0,153.0,309.0,490.0,504.0,690.0,812.0,557.0,680.0,579.0
Tankyrase-2,233.0,441.0,48.0,578.0,900.0,944.0,125.0,78.0,747.0,602.0,115.0
Tankyrase-1,379.0,692.0,658.0,755.0,335.0,415.0,298.0,690.0,684.0,202.0,853.0
Mitogen-activated protein kinase kinase kinase kinase 4,623.0,854.0,954.0,173.0,983.0,231.0,538.0,894.0,4.0,367.0,672.0
Lysine-specific demethylase 4C,777.0,828.0,769.0,202.0,391.0,272.0,784.0,692.0,123.0,595.0,747.0
